Model,AUROC,AUROC_sd,AUPR,AUPR_sd,Brier,Brier_sd
RF (cost-sensitive),0.9147909314783315,0.0025344170286606205,0.6354083989882259,0.012749004060432506,0.08263484808179178,0.0007875046330585427
Balanced RF,0.9143339511030998,0.0024761284989133405,0.6167108733464239,0.006821723272254701,0.11592399167733676,0.0002818180130680795
EBM,0.9142349386884664,0.004438819729515153,0.6810103828470819,0.015751725145300342,0.07716179473420659,0.0010641266161741097
CatBoost,0.9072025184696235,0.004052815169607642,0.6435189320467976,0.014002556674779695,0.08828981141201027,0.0014247834537385298
XGBoost,0.905019167787961,0.00489135720558761,0.6252327613464197,0.01891090989553073,0.09155709594488144,0.002430892737923669
Elastic-net LogReg,0.8914646221026177,0.0041066708533397285,0.6417281935205617,0.017000346115995633,0.10269644554355759,0.0039558063386641844
